{
  "data" : {
    "lookups" : [
      "free-text",
      "keywords",
      "trait"
    ],
    "name" : "command",
    "lang" : "en",
    "exotic" : false,
    "id" : "command",
    "values" : [
      {
        "value" : "AskSmile",
        "expressions" : [
          "smile"
        ]
      },
      {
        "value" : "Bedroom",
        "expressions" : [
          "bedroom"
        ]
      },
      {
        "value" : "EyesBlink"
      },
      {
        "value" : "EyesClose",
        "expressions" : [
          "close your eyes"
        ]
      },
      {
        "value" : "EyesOpen",
        "expressions" : [
          "Open your eyes",
          "open the eyes"
        ]
      },
      {
        "value" : "EyesWink"
      },
      {
        "value" : "HomeBase",
        "expressions" : [
          "go back"
        ]
      },
      {
        "value" : "IAmHere",
        "expressions" : [
          "I'm here"
        ]
      },
      {
        "value" : "Kitchen",
        "expressions" : [
          "kitchen"
        ]
      },
      {
        "value" : "LeftHandRaise",
        "expressions" : [
          "raise your left hand"
        ]
      },
      {
        "value" : "LivingRoom",
        "expressions" : [
          "living room"
        ]
      },
      {
        "value" : "LookAtMe",
        "expressions" : [
          "Look at me"
        ]
      },
      {
        "value" : "RightArmRaise",
        "expressions" : [
          "raise your right arm",
          "right arm"
        ]
      },
      {
        "value" : "Stop",
        "expressions" : [
          "Stop",
          "stomp"
        ]
      }
    ],
    "doc" : "User-defined entity",
    "builtin" : false
  }
}