{
  "data" : {
    "lookups" : [
      "free-text",
      "keywords",
      "trait"
    ],
    "name" : "intent",
    "lang" : "en",
    "exotic" : false,
    "id" : "intent",
    "values" : [
      {
        "value" : " play ping pong",
        "expressions" : [
          " play ping pong"
        ]
      },
      {
        "value" : "Channel",
        "expressions" : [
          "channels"
        ]
      },
      {
        "value" : "Command",
        "expressions" : [
          "news"
        ]
      },
      {
        "value" : "Conversation",
        "expressions" : [
          "Conversation"
        ]
      },
      {
        "value" : "Emotion"
      },
      {
        "value" : "News",
        "expressions" : [
          "news"
        ]
      },
      {
        "value" : "Playlist"
      },
      {
        "value" : "Radio",
        "expressions" : [
          " listen to radio",
          "listen radio",
          "next station",
          "play radio"
        ]
      },
      {
        "value" : "Reminder",
        "expressions" : [
          "remind me"
        ]
      },
      {
        "value" : "RemoteControl"
      },
      {
        "value" : "SkypePhoneCall",
        "expressions" : [
          "call",
          "phone call"
        ]
      },
      {
        "value" : "SkypeVideoCall",
        "expressions" : [
          "video call"
        ]
      },
      {
        "value" : "Video"
      },
      {
        "value" : "Weather",
        "expressions" : [
          "How is the weather",
          "How's the weather",
          "How's the weather condition",
          "What's the weather",
          "the weather",
          "weather",
          "weather condition"
        ]
      },
      {
        "value" : "play chess",
        "expressions" : [
          "play chess"
        ]
      },
      {
        "value" : "play snake",
        "expressions" : [
          "play snake"
        ]
      },
      {
        "value" : "play tic tac toe",
        "expressions" : [
          "play tic tac toe"
        ]
      }
    ],
    "doc" : "User-defined entity",
    "builtin" : false
  }
}